<?xml version="1.0" encoding="UTF-8" standalone="yes"?>
<addon id="repository.vajra" name="Vajra Repository" version="1.0.0" provider-name="Vàjrà">
    <extension point="xbmc.addon.repository" name="Vajra Repository">
        <dir>
            <info compressed="false">https://raw.githubusercontent.com/gopal-panigrahi/repository.vajra/main/repo/zips/addons.xml</info>
            <checksum>https://raw.githubusercontent.com/gopal-panigrahi/repository.vajra/main/repo/zips/addons.xml.md5</checksum>
            <datadir zip="true">https://raw.githubusercontent.com/gopal-panigrahi/repository.vajra/main/repo/zips/</datadir>
        </dir>
    </extension>
    <extension point="xbmc.addon.metadata">
        <summary>Vajra Repository</summary>
        <description>This repository is for Indian OTT Apps</description>
        <disclaimer></disclaimer>
        <platform>all</platform>
        <assets>
            <icon>icon.png</icon>
            <fanart>fanart.png</fanart>
        </assets>
    </extension>
</addon>