<?xml version="1.0" encoding="UTF-8"?>
<addon id="plugin.video.minitv" version="1.0.1" name="Amazon miniTV" provider-name="Vàjrà">
	<requires>
		<import addon="xbmc.python" version="3.0.0" />
		<import addon="script.module.codequick" version="1.0.3" />
		<import addon="script.module.inputstreamhelper" version="0.6.1" />
	</requires>
	<extension point="xbmc.python.pluginsource" library="addon.py">
		<provides>video</provides>
	</extension>
	<extension point="xbmc.addon.metadata">
		<summary>Amazon miniTV is a one stop destination for Audio/Video content from Amazon.com</summary>
		<description>Amazon miniTV is a free, ad-supported video streaming service available in India only.</description>
		<platform>all</platform>
		<website>https://www.amazon.in/minitv/</website>
		<disclaimer>This 3rd party addon is not in any way commissioned or endorsed by Amazon.com</disclaimer>
		<assets>
			<icon>icon.png</icon>
			<fanart>fanart.png</fanart>
		</assets>
	</extension>
</addon>